ProductID,ProductName,Category,Price
PROD01034,Thingamajig,Electronics,246.22
PROD01176,Contraption,Tools,11.23
PROD00067,,Gadgets,106.9
PROD01330,Doohickey,Gadgets,190.53
PROD00650,Gadget,Toolz,143.05
PROD01868,Gadget,Gadgets,79.44
PROD00986,Contraption,Tools,443.38
PROD00552,Widget,Homeware,242.92
PROD01427,Widget,Electronics,344.37
PROD01668,Gadget,Homeware,409.05
PROD01574, ,Gadgets,104.06
PROD01317,Contraption,Tools,440.5
PROD00494,Doohickey,Homeware,260.93
PROD01978,Doohickey,Homeware,499.33
PROD01760,Contraption,Home,153.67
PROD00865,Gadget,Home,474.51
PROD00529,Gadget,Home,388.93
PROD01501,Doohickey,Tools,143.86
PROD00070,Doohickey,Electronics,154.85
PROD01848,Doohickey,Toolz,145.67
PROD01448,Thingamajig,Toolz,84.83
PROD00571,Doohickey,Toolz,44.6
PROD00420,,Tools,428.41
PROD00948,Thingamajig,Home,331.31
PROD01420,Widget,Gadgets,482.99
PROD01731,Thingamajig,Gadgets,484.44
PROD01193,Contraption,Tools,54.36
PROD01571,Gadget,Toolz,148.37
PROD01192,Widget,Home,297.1
PROD00583,Contraption,Gadgets,150.15
PROD00051,Widget,Tools,63.41
PROD01444,Doohickey,Gadgets,129.22
PROD01287,Contraption,Tools,invalid
PROD01124,Contraption,Toolz,348.13
PROD00029,Widget,Homeware,409.3
PROD01220,Widget,Gadgets,49.15
PROD00479,Contraption,Gadgets,489.74
PROD01374,Gadget,Electronics,226.43
PROD01087,Thingamajig,Homeware,379.5
PROD00231,Doohickey,Toolz,271.27
PROD01259,Thingamajig,Home,87.85
PROD00212,Gadget,Home,invalid
PROD00307,Widget,Electronics,378.79
PROD00727,Doohickey,Toolz,450.5
PROD01362,Gadget,Home,63.63
PROD00447,Thingamajig,Electronics,427.03
PROD00381,Gadget,Homeware,232.0
PROD01338,Thingamajig,Home,471.88
PROD00694,Contraption,Gadgets,222.07
PROD00567,Contraption,Toolz,357.45
PROD00588,Thingamajig,Tools,269.82
PROD01572,Widget,Tools,invalid
PROD01946,Widget,Gadgets,388.66
PROD01687,Thingamajig,Homeware,458.34
PROD01419,Widget,Homeware,39.84
PROD01391,Contraption,Homeware,87.61
PROD00120,,Electronics,invalid
PROD00744,Doohickey,Electronics,invalid
PROD01775,Widget,Toolz,40.93
PROD01931,Contraption,Home,266.8
PROD01804,Doohickey,Homeware,487.74
PROD01103,Doohickey,Tools,438.85
PROD01699,Thingamajig,Tools,155.37
PROD00785,Gadget,Toolz,431.7
PROD01395,,Gadgets,330.06
PROD00564,Doohickey,Tools,372.32
PROD00974,Contraption,Toolz,230.88
PROD00450,,Tools,449.38
PROD00618,Gadget,Toolz,396.18
PROD00251,Thingamajig,Electronics,419.63
PROD00297,Widget,Toolz,179.59
PROD00366,Gadget,Toolz,440.71
PROD00411,Doohickey,Gadgets,420.13
PROD00538,Gadget,Homeware,145.18
PROD00233,Gadget,Homeware,187.92
PROD01582,Thingamajig,Tools,190.28
PROD00100,Doohickey,Electronics,392.39
PROD00367,Widget,Gadgets,164.58
PROD01942,Doohickey,Toolz,62.19
PROD01436,Doohickey,Gadgets,135.31
PROD00111,Doohickey,Toolz,499.41
PROD00254,Contraption,Home,436.7
PROD00886,Widget,Homeware,472.47
PROD01050,Contraption,Electronics,414.0
PROD01664,Doohickey,Tools,430.56
PROD01549,Contraption,Home,invalid
PROD01686,Thingamajig,Tools,400.97
PROD01474,Contraption,Gadgets,79.76
PROD00361,Widget,Home,314.95
PROD01428,Thingamajig,Electronics,359.9
PROD00555,Thingamajig,Electronics,57.68
PROD00184,Widget,Home,441.31
PROD00210,Gadget,Home,387.64
PROD00478,Doohickey,Gadgets,140.04
PROD01341,Contraption,Home,491.9
PROD00849,Doohickey,Electronics,497.85
PROD01964,Thingamajig,Gadgets,169.07
PROD01067,Thingamajig,Homeware,111.94
PROD00298,Gadget,Toolz,36.42
PROD00056,Thingamajig,Home,377.52
PROD00535,Contraption,Electronics,458.89
PROD00109,Widget,Homeware,454.32
PROD01211,Widget,Gadgets,72.06
PROD00350,Widget,Electronics,283.39
PROD00670,Thingamajig,Home,343.76
PROD00128,Gadget,Toolz,249.99
PROD00923,Gadget,Toolz,462.85
PROD00651,Widget,Gadgets,316.99
PROD01594,Gadget,Homeware,111.1
PROD01916, ,Gadgets,187.62
PROD00611,Thingamajig,Home,141.02
PROD01375,Gadget,Tools,invalid
PROD01647,Gadget,Electronics,invalid
PROD01473,Widget,Home,409.62
PROD00508,Gadget,Electronics,363.07
PROD01134,Contraption,Toolz,419.12
PROD01710, ,Gadgets,380.73
PROD00289,Gadget,Gadgets,27.59
PROD01741,Widget,Homeware,489.5
PROD01429,Contraption,Toolz,314.6
PROD00429,Widget,Gadgets,253.88
PROD01380,Widget,Homeware,458.8
PROD01652,Gadget,Electronics,368.92
PROD00196,,Tools,413.23
PROD01532,Widget,Homeware,213.6
PROD00354,Widget,Home,371.14
PROD01852,,Home,16.36
PROD01833,Contraption,Tools,277.57
PROD01926,Doohickey,Tools,230.2
PROD01718,Doohickey,Toolz,308.79
PROD01777,Thingamajig,Toolz,314.68
PROD00530,Doohickey,Electronics,invalid
PROD00926,Contraption,Home,421.51
PROD00069,Contraption,Homeware,430.09
PROD01316,Widget,Home,invalid
PROD00938, ,Gadgets,223.01
PROD00432,Gadget,Toolz,202.16
PROD00240,Contraption,Toolz,72.72
PROD01453,Contraption,Electronics,488.7
PROD00387,Widget,Toolz,215.95
PROD00306,Thingamajig,Home,invalid
PROD01752,Thingamajig,Homeware,464.29
PROD00680,Gadget,Home,232.3
PROD00889,Doohickey,Electronics,427.82
PROD00936,Gadget,Tools,484.52
PROD00984,Contraption,Tools,483.31
PROD01113,Gadget,Home,429.48
PROD01433,Gadget,Tools,297.95
PROD01958,Doohickey,Homeware,455.15
PROD01867,Doohickey,Homeware,207.22
PROD00211,Contraption,Electronics,249.18
PROD00247,Widget,Toolz,345.53
PROD00561,Widget,Home,invalid
PROD01679,Widget,Gadgets,330.16
PROD00259,Gadget,Gadgets,260.57
PROD00342,Widget,Tools,204.58
PROD01879,Thingamajig,Home,204.98
PROD01892,Contraption,Toolz,133.63
PROD01456,Widget,Home,304.73
PROD01641,Widget,Home,226.75
PROD00124,Doohickey,Homeware,44.38
PROD01737,,Homeware,293.87
PROD01342,Contraption,Homeware,385.77
PROD00765, ,Toolz,296.74
PROD01454,Gadget,Electronics,162.61
PROD00613,Widget,Home,27.64
PROD00590,Contraption,Gadgets,446.89
PROD00065,Contraption,Electronics,330.5
PROD01280,Thingamajig,Electronics,430.45
PROD01160,Gadget,Gadgets,365.69
PROD00710,Doohickey,Electronics,168.68
PROD00617,Gadget,Toolz,141.01
PROD01844,Thingamajig,Gadgets,372.8
PROD00482,Widget,Homeware,387.32
PROD00602,Thingamajig,Homeware,374.65
PROD01503,Gadget,Gadgets,451.42
PROD01689,Thingamajig,Toolz,154.91
PROD00585,Doohickey,Electronics,22.63
PROD01657,Doohickey,Homeware,273.42
PROD01121,,Home,218.5
PROD00275,Doohickey,Electronics,215.31
PROD00817,Widget,Toolz,84.41
PROD00903, ,Homeware,212.91
PROD01559,Doohickey,Homeware,348.82
PROD01761,Thingamajig,Homeware,198.4
PROD00281,Doohickey,Homeware,19.34
PROD01996,Widget,Toolz,336.36
PROD01489,Gadget,Toolz,478.64
PROD00792,Widget,Gadgets,337.58
PROD00321,Widget,Tools,198.61
PROD00188,Thingamajig,Gadgets,237.58
PROD01508,Contraption,Gadgets,445.83
PROD00879,Doohickey,Toolz,177.52
PROD00599,Thingamajig,Tools,364.07
PROD00450,,Tools,449.38
PROD01290,Widget,Tools,275.83
PROD01521,Gadget,Electronics,244.93
PROD01542,Doohickey,Gadgets,75.17
PROD01965,Doohickey,Home,255.83
PROD01841,Widget,Toolz,invalid
PROD00212,Gadget,Home,invalid
PROD00374,Thingamajig,Gadgets,498.11
PROD00438,Widget,Homeware,376.22
PROD01190,Widget,Gadgets,467.45
PROD00807,Widget,Toolz,324.67
PROD00290,Contraption,Tools,114.55
PROD01013,Gadget,Tools,198.66
PROD01379,Gadget,Gadgets,313.9
PROD00281,Doohickey,Homeware,19.34
PROD00135,Gadget,Tools,496.03
PROD01090, ,Homeware,183.92
PROD00099,Gadget,Tools,312.66
PROD00707,Widget,Toolz,231.83
PROD01602,Widget,Gadgets,473.66
PROD01510,Widget,Electronics,78.44
PROD00433,Gadget,Electronics,353.61
PROD01713,Widget,Homeware,317.49
PROD00808, ,Toolz,231.16
PROD00220,Widget,Tools,440.39
PROD01765,Thingamajig,Gadgets,155.16
PROD00630,Thingamajig,Electronics,204.45
PROD00905,Doohickey,Electronics,158.44
PROD00237,Widget,Electronics,359.54
PROD00013,Thingamajig,Toolz,251.86
PROD00767,Doohickey,Gadgets,invalid
PROD01992,Doohickey,Tools,23.54
PROD01565, ,Toolz,350.16
PROD01731,Thingamajig,Gadgets,484.44
PROD00519,Widget,Home,74.08
PROD00239,Contraption,Electronics,249.16
PROD00756,Gadget,Toolz,368.0
PROD01353,Widget,Tools,49.52
PROD01323,Contraption,Electronics,172.21
PROD01518,Gadget,Home,6.51
PROD01047,Doohickey,Gadgets,245.35
PROD01007, ,Toolz,335.72
PROD01332,Thingamajig,Home,273.7
PROD01358,Doohickey,Gadgets,226.08
PROD00368,,Homeware,284.09
PROD01789,Contraption,Home,251.08
PROD01225,Doohickey,Electronics,195.53
PROD00674,Doohickey,Home,457.04
PROD01550,Thingamajig,Home,362.77
PROD00787,Thingamajig,Toolz,100.83
PROD00576,Thingamajig,Homeware,235.06
PROD01758,Gadget,Toolz,293.15
PROD01036,Doohickey,Tools,367.22
PROD00332,,Home,475.97
PROD01339,Contraption,Toolz,invalid
PROD01288, ,Tools,422.49
PROD00978,Contraption,Toolz,invalid
PROD00210,Gadget,Home,387.64
PROD01370,Gadget,Gadgets,239.04
PROD00921,Widget,Toolz,79.93
PROD01424,Gadget,Gadgets,459.41
PROD01872,Thingamajig,Electronics,221.14
PROD00584,Gadget,Homeware,226.15
PROD01289,Doohickey,Electronics,147.46
PROD01412,Gadget,Homeware,16.39
PROD01337,Widget,Home,468.88
PROD00121,Thingamajig,Tools,invalid
PROD00316,Doohickey,Tools,42.88
PROD00486,Doohickey,Homeware,286.51
PROD01334,Doohickey,Gadgets,435.7
PROD00973,,Electronics,436.63
PROD01568,Contraption,Tools,73.15
PROD00668,Contraption,Tools,invalid
PROD00115,Doohickey,Tools,328.25
PROD01169,Contraption,Tools,178.84
PROD00554,Thingamajig,Electronics,202.12
PROD01292,Contraption,Home,261.43
PROD01333,Gadget,Toolz,452.81
PROD01973,Thingamajig,Gadgets,401.61
PROD00914,Thingamajig,Electronics,invalid
PROD01620,Contraption,Gadgets,444.24
PROD00721,Doohickey,Home,430.28
PROD01780, ,Tools,invalid
PROD00619,Contraption,Gadgets,53.09
PROD01361,Contraption,Electronics,440.88
PROD00426,Contraption,Toolz,183.69
PROD00679,Widget,Gadgets,invalid
PROD01457,Gadget,Tools,286.75
PROD01052,Contraption,Toolz,305.28
PROD01986,Doohickey,Tools,invalid
PROD00893,Widget,Homeware,484.78
PROD01712,Widget,Tools,126.47
PROD01083,Thingamajig,Electronics,483.12
PROD01901,Doohickey,Toolz,131.3
PROD00881,Doohickey,Toolz,330.79
PROD00544,Gadget,Toolz,184.33
PROD00856,Gadget,Toolz,426.49
PROD00715,Widget,Gadgets,283.95
PROD00985,Thingamajig,Home,95.39
PROD00757,Doohickey,Tools,453.54
PROD01118,Widget,Homeware,451.66
PROD00299, ,Electronics,invalid
PROD01616,Gadget,Home,42.67
PROD01476,Widget,Tools,invalid
PROD00063,Doohickey,Electronics,445.76
PROD00324, ,Tools,154.57
PROD01554,Gadget,Home,50.47
PROD01178,Contraption,Home,286.2
PROD01245,Doohickey,Homeware,356.54
PROD01033,Contraption,Homeware,356.33
PROD01001,Thingamajig,Gadgets,invalid
PROD01395,,Gadgets,330.06
PROD00605,Gadget,Homeware,397.85
PROD00994,Thingamajig,Tools,498.6
PROD00427,Contraption,Electronics,295.16
PROD01555,Contraption,Toolz,181.76
PROD01381,Gadget,Homeware,467.84
PROD01494,Thingamajig,Toolz,345.81
PROD00023,Thingamajig,Gadgets,446.45
PROD01624,Contraption,Toolz,240.87
PROD00198,Contraption,Electronics,362.48
PROD00049,Gadget,Tools,66.99
PROD00173, ,Gadgets,282.43
PROD00620,Widget,Tools,355.96
PROD01824,Contraption,Toolz,405.74
PROD00818,Contraption,Gadgets,471.04
PROD00916,Doohickey,Gadgets,24.3
PROD01200,Contraption,Homeware,480.39
PROD01557,,Homeware,203.28
PROD00845,Gadget,Homeware,216.53
PROD00071,Contraption,Tools,277.95
PROD01376,Widget,Tools,337.52
PROD01782,Thingamajig,Toolz,364.62
PROD00514,Thingamajig,Toolz,290.86
PROD01384,Contraption,Tools,394.36
PROD00383,Gadget,Tools,38.05
PROD00816,Doohickey,Electronics,140.61
PROD01182,Doohickey,Electronics,53.0
PROD01078,Thingamajig,Electronics,325.9
PROD00485,Thingamajig,Homeware,294.69
PROD01474,Contraption,Gadgets,79.76
PROD01228,Thingamajig,Homeware,256.65
PROD00596,Thingamajig,Tools,23.95
PROD00256,Contraption,Electronics,244.83
PROD01272,Contraption,Toolz,38.36
PROD00458,Thingamajig,Home,27.03
PROD01114,Widget,Gadgets,222.28
PROD01165,Gadget,Home,95.58
PROD00020,Doohickey,Home,124.49
PROD01576,Gadget,Tools,248.28
PROD01061,Thingamajig,Tools,invalid
PROD01820,Widget,Tools,63.02
PROD00507,Widget,Homeware,239.42
PROD01447,Widget,Electronics,343.35
PROD00781,,Gadgets,invalid
PROD00383,Gadget,Tools,38.05
PROD00374,Thingamajig,Gadgets,498.11
PROD00867,,Tools,313.73
PROD01982,Widget,Gadgets,382.24
PROD01856,Thingamajig,Gadgets,invalid
PROD01037,Widget,Home,433.22
PROD00874,Doohickey,Tools,358.88
PROD00270,Contraption,Toolz,300.93
PROD01000,Widget,Homeware,105.09
PROD01125,Doohickey,Toolz,414.59
PROD00736,Contraption,Tools,306.28
PROD00382,Widget,Homeware,314.36
PROD00495,Contraption,Gadgets,240.23
PROD00025,Doohickey,Electronics,328.35
PROD00275,Doohickey,Electronics,215.31
PROD00078,Contraption,Homeware,262.89
PROD01347,Widget,Tools,307.13
PROD00032, ,Homeware,403.8
PROD01766,Thingamajig,Toolz,163.17
PROD00436,Doohickey,Electronics,238.05
PROD01740,Widget,Tools,86.39
PROD01656,Widget,Home,377.07
PROD00163,Gadget,Tools,439.85
PROD00203,Thingamajig,Tools,368.05
PROD01993,Contraption,Electronics,394.57
PROD01642,Thingamajig,Homeware,invalid
PROD00772, ,Tools,129.62
PROD01054,Contraption,Tools,invalid
PROD00305,Contraption,Home,128.11
PROD01196,Widget,Gadgets,330.95
PROD01284,Gadget,Toolz,255.27
PROD01483,Doohickey,Home,246.23
PROD00192,Contraption,Toolz,267.01
PROD01910,Contraption,Home,214.52
PROD00416,Widget,Tools,223.62
PROD00786,Doohickey,Tools,345.04
PROD01483,Doohickey,Home,246.23
PROD00218,Thingamajig,Tools,441.78
PROD01819,Gadget,Tools,234.03
PROD01847,Gadget,Home,488.53
PROD00351,Thingamajig,Homeware,252.41
PROD01788,Doohickey,Tools,124.46
PROD01352,Widget,Electronics,435.38
PROD00483,Widget,Toolz,415.6
PROD01414,Widget,Home,92.67
PROD01526,Doohickey,Electronics,442.96
PROD00059,Thingamajig,Home,437.26
PROD00836,Thingamajig,Homeware,436.01
PROD00422,Widget,Toolz,310.4
PROD00409,Contraption,Tools,199.66
PROD00073,Doohickey,Home,162.84
PROD01089,Contraption,Homeware,171.82
PROD00162,Gadget,Home,271.79
PROD01815,Thingamajig,Electronics,394.51
PROD00581,Widget,Homeware,384.58
PROD01258,Contraption,Home,37.92
PROD00464,Widget,Toolz,47.62
PROD00610,Thingamajig,Tools,111.53
PROD01471,Thingamajig,Toolz,435.77
PROD00834,Contraption,Gadgets,409.57
PROD01133,Thingamajig,Tools,115.86
PROD01073,Widget,Home,482.97
PROD00548,Doohickey,Electronics,26.9
PROD00045,Contraption,Gadgets,102.11
PROD01068,Gadget,Toolz,317.11
PROD01809,Gadget,Gadgets,165.46
PROD00294,Doohickey,Tools,272.18
PROD01924,Widget,Homeware,306.44
PROD00076,Gadget,Home,245.67
PROD00205,,Homeware,257.14
PROD01530,,Home,106.1
PROD01592,Contraption,Homeware,381.08
PROD00829, ,Electronics,413.03
PROD00414,Doohickey,Gadgets,318.72
PROD00704,Widget,Home,75.27
PROD00755,Widget,Home,142.35
PROD01232,Thingamajig,Tools,114.68
PROD00976,Doohickey,Homeware,135.12
PROD00393,Widget,Tools,284.01
PROD01774,Gadget,Toolz,241.46
PROD00968, ,Home,229.33
PROD00030,Doohickey,Electronics,379.89
PROD01181,Contraption,Home,269.93
PROD01937,Doohickey,Electronics,205.57
PROD00445, ,Tools,356.74
PROD01146,Thingamajig,Gadgets,332.59
PROD01999,Thingamajig,Tools,478.48
PROD01573,Doohickey,Home,210.39
PROD00905,Doohickey,Electronics,158.44
PROD01040,Doohickey,Electronics,33.04
PROD01670,Widget,Home,212.39
PROD01688,Doohickey,Gadgets,156.75
PROD01606,Widget,Electronics,146.24
PROD01421,Thingamajig,Homeware,317.35
PROD01694,Gadget,Tools,341.84
PROD00344,Doohickey,Tools,381.49
PROD00044,Thingamajig,Toolz,invalid
PROD01902,Thingamajig,Toolz,75.11
PROD01604,Thingamajig,Home,302.9
PROD00168,Contraption,Homeware,400.51
PROD00303,Widget,Tools,84.9
PROD01927, ,Toolz,358.15
PROD01385,Gadget,Electronics,491.87
PROD00352,Doohickey,Gadgets,121.69
PROD00091,Contraption,Homeware,192.77
PROD01502,Gadget,Home,397.94
PROD01531,Thingamajig,Tools,19.27
PROD01344,Widget,Toolz,79.59
PROD00527,Gadget,Home,221.09
PROD00261,Doohickey,Gadgets,247.89
PROD00678,Contraption,Homeware,37.08
PROD00743,Thingamajig,Gadgets,184.96
PROD00649,Contraption,Tools,112.79
PROD01111,Contraption,Homeware,406.71
PROD01908,Doohickey,Home,434.07
PROD00353,Gadget,Toolz,244.08
PROD00900, ,Electronics,241.6
PROD01163,Gadget,Toolz,403.43
PROD01057,Gadget,Gadgets,483.53
PROD00185,Widget,Tools,94.06
PROD00029,Widget,Homeware,409.3
PROD00637,Contraption,Gadgets,294.54
PROD00572,Widget,Electronics,invalid
PROD01299,,Electronics,196.83
PROD00300,Widget,Gadgets,270.06
PROD01333,Gadget,Toolz,452.81
PROD00838,Contraption,Homeware,183.81
PROD01009,Doohickey,Home,38.07
PROD00480,Widget,Toolz,222.6
PROD01556,Widget,Home,175.07
PROD01721,Gadget,Gadgets,invalid
PROD01322,Thingamajig,Toolz,476.43
PROD01564,Gadget,Homeware,16.99
PROD00315,Contraption,Tools,438.93
PROD01475,Contraption,Tools,112.41
PROD00453,Widget,Toolz,invalid
PROD00806,Doohickey,Toolz,32.38
PROD01080, ,Homeware,90.17
PROD00175,Gadget,Home,119.02
PROD01882,Gadget,Toolz,192.82
PROD00579,Thingamajig,Tools,301.67
PROD00982,Thingamajig,Home,177.07
PROD01732,Widget,Electronics,243.66
PROD00840,Gadget,Tools,164.03
PROD00123,Widget,Electronics,207.26
PROD00471,Thingamajig,Toolz,471.9
PROD00532,Thingamajig,Home,200.05
PROD00607,Contraption,Homeware,271.88
PROD00394,Widget,Toolz,263.55
PROD01343,Widget,Tools,289.66
PROD01425,Thingamajig,Home,96.86
PROD00039,Widget,Electronics,56.51
PROD00462,Gadget,Home,282.48
PROD01803,Thingamajig,Electronics,171.85
PROD00582,Thingamajig,Gadgets,invalid
PROD00331,Gadget,Electronics,496.61
PROD00534,Doohickey,Homeware,234.42
PROD00408,Doohickey,Home,381.2
PROD00194,Thingamajig,Gadgets,349.98
PROD00614,Contraption,Homeware,94.72
PROD01004,Gadget,Toolz,240.89
PROD00705,,Gadgets,243.88
PROD01847,Gadget,Home,488.53
PROD00322,Contraption,Toolz,430.36
PROD00266,Thingamajig,Tools,267.58
PROD01546,Contraption,Home,308.48
PROD01516,Doohickey,Electronics,185.07
PROD01268,Gadget,Home,invalid
PROD01053,Contraption,Electronics,335.44
PROD01747,,Tools,invalid
PROD01864,Thingamajig,Home,220.42
PROD00636,Gadget,Electronics,236.35
PROD01677,Gadget,Toolz,367.27
PROD00543,Gadget,Tools,93.19
PROD01273,Widget,Electronics,188.6
PROD01854,Doohickey,Home,483.37
PROD01650,Thingamajig,Toolz,331.01
PROD01054,Contraption,Tools,invalid
PROD01614,Doohickey,Gadgets,111.58
PROD00782,Widget,Gadgets,257.23
PROD00812,Gadget,Gadgets,invalid
PROD01010,Widget,Tools,74.45
PROD01075,Widget,Homeware,351.06
PROD01138,Widget,Gadgets,326.89
PROD00962,Doohickey,Tools,418.51
PROD01566,Thingamajig,Toolz,25.88
PROD01441,Widget,Homeware,200.36
PROD00831,Contraption,Tools,283.11
PROD00365,Widget,Gadgets,497.89
PROD01351,Thingamajig,Gadgets,invalid
PROD01110, ,Toolz,438.19
PROD00686,Gadget,Toolz,362.41
PROD01405,Doohickey,Gadgets,215.13
PROD01239,Contraption,Electronics,168.72
PROD01468,,Gadgets,370.24
PROD01781,Doohickey,Homeware,200.34
PROD01027,Thingamajig,Electronics,440.71
PROD00965,Contraption,Toolz,429.55
PROD00318,Thingamajig,Homeware,14.98
PROD01890,Gadget,Tools,221.49
PROD01293,Gadget,Homeware,invalid
PROD01591,Widget,Toolz,466.88
PROD00873,Thingamajig,Homeware,463.05
PROD01083,Thingamajig,Electronics,483.12
PROD00343,Widget,Home,264.09
PROD00398,Contraption,Electronics,309.86
PROD01551,Doohickey,Gadgets,250.85
PROD00292,Gadget,Toolz,59.61
PROD01466,Thingamajig,Gadgets,204.6
PROD01873,Gadget,Toolz,174.43
PROD01941,Thingamajig,Electronics,497.38
PROD00141,Widget,Home,106.0
PROD01244, ,Electronics,461.48
PROD00002,,Electronics,286.31
PROD01356,Gadget,Tools,37.68
PROD00339,Widget,Electronics,46.4
PROD00741,Thingamajig,Electronics,410.35
PROD00265,Doohickey,Gadgets,121.18
PROD00376,Gadget,Homeware,239.57
PROD00979,Contraption,Homeware,51.82
PROD00439,,Tools,275.07
PROD00271,Gadget,Home,151.23
PROD00244,Widget,Electronics,82.58
PROD01164,Thingamajig,Homeware,239.83
PROD00712,Gadget,Tools,22.69
PROD00997,Widget,Toolz,117.0
PROD01467,Widget,Gadgets,234.87
PROD00415,Widget,Tools,75.73
PROD00273,Thingamajig,Homeware,383.15
PROD00861,Gadget,Home,497.2
PROD00250,Doohickey,Electronics,99.25
PROD00413,Thingamajig,Homeware,110.88
PROD01185,Gadget,Toolz,423.76
PROD01413,Contraption,Electronics,382.22
PROD00310,Thingamajig,Electronics,17.0
PROD01340,Thingamajig,Electronics,285.86
PROD01386,,Home,312.82
PROD00425,Thingamajig,Gadgets,497.74
PROD01922,Contraption,Homeware,87.67
PROD01647,Gadget,Electronics,invalid
PROD01360,Contraption,Gadgets,402.16
PROD01464,Widget,Toolz,440.59
PROD00819,Doohickey,Home,476.26
PROD01116,Thingamajig,Gadgets,97.1
PROD01477, ,Tools,139.09
PROD00526,Thingamajig,Electronics,96.37
PROD01600,Thingamajig,Gadgets,invalid
PROD00759,Thingamajig,Tools,125.75
PROD00182,Doohickey,Tools,207.21
PROD00170,Doohickey,Toolz,486.34
PROD01831,Doohickey,Toolz,406.94
PROD01676, ,Toolz,170.78
PROD01179,Contraption,Home,39.35
PROD01779,Thingamajig,Homeware,377.42
PROD01618,Thingamajig,Electronics,449.77
PROD00746, ,Gadgets,139.38
PROD00272,Widget,Toolz,481.64
PROD01669,Contraption,Electronics,348.14
PROD01887,Widget,Home,182.96
PROD01044,Contraption,Tools,335.15
PROD00371,Thingamajig,Tools,188.77
PROD00222,Thingamajig,Gadgets,147.48
PROD00593,Widget,Electronics,466.47
PROD01525,Contraption,Electronics,151.33
PROD00654,Widget,Home,268.59
PROD00915,Widget,Tools,74.41
PROD00518,Gadget,Electronics,475.99
PROD00334,Doohickey,Toolz,291.05
PROD01422,Doohickey,Home,334.14
PROD01580,Thingamajig,Gadgets,8.64
PROD01596,Widget,Home,325.68
PROD00771,Thingamajig,Home,378.99
PROD00015,Thingamajig,Homeware,invalid
PROD00943,Doohickey,Home,478.67
PROD01612,Widget,Electronics,193.8
PROD01659,Doohickey,Homeware,442.96
PROD01817,Doohickey,Gadgets,344.56
PROD00570,Widget,Toolz,381.01
PROD00888,Thingamajig,Electronics,invalid
PROD01735,Doohickey,Home,191.48
PROD00465,Gadget,Toolz,48.64
PROD00906,Gadget,Toolz,473.24
PROD00199,Doohickey,Gadgets,460.76
PROD01302,Contraption,Electronics,14.8
PROD01179,Contraption,Home,39.35
PROD01493,Widget,Home,173.84
PROD01406,Gadget,Toolz,70.51
PROD00999,,Electronics,477.79
PROD00591,Gadget,Electronics,231.73
PROD00857,Gadget,Gadgets,236.88
PROD00353,Gadget,Toolz,244.08
PROD01654,Gadget,Tools,236.4
PROD01885,Gadget,Electronics,37.02
PROD00788,Doohickey,Gadgets,119.74
PROD01738,,Homeware,358.34
PROD00043,Thingamajig,Home,465.97
PROD00930,Doohickey,Home,368.8
PROD00274,Widget,Electronics,226.35
PROD01452,Doohickey,Electronics,449.83
PROD00101,Thingamajig,Tools,377.44
PROD01151,Gadget,Home,295.5
PROD00859,Gadget,Gadgets,343.56
PROD01561,Doohickey,Electronics,83.73
PROD00107,Doohickey,Homeware,480.35
PROD00809,Doohickey,Home,410.17
PROD00497,Gadget,Toolz,330.86
PROD01556,Widget,Home,175.07
PROD01389,Doohickey,Toolz,491.11
PROD01442,Thingamajig,Gadgets,151.88
PROD00730,Doohickey,Home,192.1
PROD01323,Contraption,Electronics,172.21
PROD01198,Thingamajig,Homeware,336.01
PROD01912,Gadget,Electronics,303.3
PROD01811,Doohickey,Homeware,99.96
PROD01234,Gadget,Electronics,287.72
PROD00693,Gadget,Home,494.66
PROD00072,Widget,Homeware,125.88
PROD00949,Thingamajig,Tools,360.05
PROD01548,Doohickey,Gadgets,379.46
PROD01261,,Electronics,349.03
PROD01619,Thingamajig,Electronics,135.05
PROD00481,Contraption,Gadgets,180.8
PROD01157,Thingamajig,Homeware,489.99
PROD00506,Widget,Homeware,348.78
PROD01222,Gadget,Home,90.81
PROD00907,Thingamajig,Home,118.53
PROD01884,Contraption,Home,283.84
PROD01055,Contraption,Toolz,419.91
PROD00780,Thingamajig,Home,95.18
PROD01799,Doohickey,Electronics,379.92
PROD00311,Thingamajig,Home,345.59
PROD01480,Widget,Home,142.45
PROD00405,Widget,Electronics,485.07
PROD01960,Widget,Electronics,150.51
PROD01719,Contraption,Toolz,343.49
PROD01319,Doohickey,Gadgets,315.12
PROD01359,Widget,Tools,91.73
PROD00309,Gadget,Home,25.93
PROD00226,Doohickey,Gadgets,119.68
PROD01832,Thingamajig,Electronics,250.05
PROD00998,Gadget,Homeware,359.46
PROD01336,Thingamajig,Electronics,445.51
PROD01773,Doohickey,Homeware,76.97
PROD00787,Thingamajig,Toolz,100.83
PROD00937,Widget,Electronics,210.46
PROD00148,Gadget,Homeware,471.53
PROD00764,Widget,Home,240.64
PROD01251,Widget,Electronics,98.8
PROD01839,Doohickey,Homeware,65.84
PROD00692,Doohickey,Electronics,359.32
PROD00964,Thingamajig,Gadgets,invalid
PROD00987,Widget,Electronics,75.15
PROD00575,Widget,Toolz,436.74
PROD00557,Contraption,Electronics,329.65
PROD01746, ,Gadgets,212.22
PROD00701,Contraption,Gadgets,380.18
PROD01310,Gadget,Tools,440.32
PROD01249,Gadget,Toolz,invalid
PROD00988,Doohickey,Electronics,389.08
PROD01455,,Homeware,457.67
PROD01255,Widget,Toolz,68.8
PROD01623,Gadget,Gadgets,20.03
PROD00167,Widget,Toolz,455.98
PROD01100,Widget,Electronics,173.38
PROD00286,Gadget,Electronics,215.47
PROD01726,Widget,Gadgets,63.25
PROD01967,Thingamajig,Toolz,373.45
PROD00628,Contraption,Gadgets,251.99
PROD00598,Doohickey,Toolz,55.06
PROD01058,Thingamajig,Home,292.16
PROD00942,Widget,Tools,164.82
PROD01763,Thingamajig,Home,invalid
PROD01278,Thingamajig,Tools,invalid
PROD01708,Doohickey,Tools,344.0
PROD01128,Gadget,Electronics,492.82
PROD01329,Doohickey,Toolz,431.91
PROD00952,Gadget,Tools,154.05
PROD00041,Widget,Homeware,241.41
PROD01320,Thingamajig,Toolz,205.87
PROD01490,Thingamajig,Homeware,172.6
PROD00941,Thingamajig,Electronics,450.28
PROD00752,Contraption,Toolz,429.47
PROD00609,Contraption,Gadgets,invalid
PROD01132,Contraption,Tools,488.36
PROD00939,Gadget,Electronics,405.67
PROD01538,Gadget,Home,305.24
PROD01889,Widget,Homeware,225.44
PROD01684,Thingamajig,Homeware,377.89
PROD00493,Gadget,Electronics,134.12
PROD01861,Doohickey,Gadgets,306.76
PROD00277,Doohickey,Electronics,177.05
PROD01995,Thingamajig,Electronics,337.94
PROD00358,Widget,Tools,65.13
PROD01202,Gadget,Electronics,invalid
PROD00236,Contraption,Gadgets,229.66
PROD00551,Contraption,Electronics,158.99
PROD00746, ,Gadgets,139.38
PROD01736,Contraption,Tools,115.59
PROD00208,Widget,Tools,163.62
PROD01499,Thingamajig,Electronics,451.76
PROD00720,Gadget,Electronics,68.63
PROD00862,Contraption,Homeware,168.56
PROD01681,Contraption,Electronics,345.46
PROD01507,Contraption,Gadgets,128.3
PROD00058,Thingamajig,Home,invalid
PROD00631,,Tools,287.8
PROD01705,Contraption,Toolz,377.69
PROD01304,Contraption,Home,196.1
PROD00065,Contraption,Electronics,330.5
PROD00938, ,Gadgets,223.01
PROD00363,Contraption,Gadgets,211.98
PROD00505,Gadget,Toolz,310.22
PROD01292,Contraption,Home,261.43
PROD01610,Thingamajig,Home,429.3
PROD01078,Thingamajig,Electronics,325.9
PROD00733, ,Homeware,193.04
PROD01314,Doohickey,Electronics,371.3
PROD00993,Widget,Homeware,272.03
PROD01085,Contraption,Homeware,49.76
PROD00963,Thingamajig,Toolz,201.4
PROD00118,Gadget,Home,424.56
PROD01709,Doohickey,Gadgets,193.08
PROD00706,,Gadgets,168.36
PROD01653,Doohickey,Home,91.11
PROD00745,Gadget,Home,476.25
PROD00522,Thingamajig,Tools,75.02
PROD01401,,Gadgets,237.71
PROD00513,Widget,Toolz,215.82
PROD00081,Thingamajig,Tools,22.75
PROD01691,Widget,Homeware,99.55
PROD01865,Contraption,Gadgets,425.55
PROD01106,Gadget,Gadgets,413.94
PROD00380,Doohickey,Gadgets,103.64
PROD01117,Widget,Gadgets,202.81
PROD01922,Contraption,Homeware,87.67
PROD00084,Gadget,Gadgets,invalid
PROD01808,Thingamajig,Electronics,117.78
PROD00672,Gadget,Homeware,395.99
PROD00774,Contraption,Electronics,167.68
PROD00329,Gadget,Home,145.79
PROD00006,Contraption,Toolz,107.7
PROD01453,Contraption,Electronics,488.7
PROD01720,Widget,Home,339.25
PROD00892,Gadget,Electronics,297.16
PROD00164,Doohickey,Home,305.52
PROD01403,Gadget,Home,190.7
PROD00451,Doohickey,Tools,493.2
PROD00490,Thingamajig,Gadgets,278.05
PROD01599,Thingamajig,Home,invalid
PROD00287,,Tools,32.04
PROD01091,Doohickey,Tools,88.43
PROD00087,Thingamajig,Homeware,34.56
PROD00987,Widget,Electronics,75.15
PROD00909,Gadget,Tools,438.59
PROD01541, ,Gadgets,166.64
PROD01866,Widget,Electronics,119.93
PROD00944,Thingamajig,Homeware,52.72
PROD01835,,Toolz,136.52
PROD00940,Thingamajig,Electronics,invalid
PROD01029,,Homeware,475.0
PROD01107,Gadget,Tools,81.73
PROD01177,Widget,Toolz,156.6
PROD01435,Gadget,Tools,44.38
PROD01778,Gadget,Tools,414.85
PROD00327,Contraption,Home,217.62
PROD01247,,Electronics,328.4
PROD00442, ,Home,92.57
PROD01112,Widget,Toolz,151.91
PROD01418,Gadget,Gadgets,173.86
PROD01702,Thingamajig,Electronics,488.62
PROD00348,Thingamajig,Gadgets,301.37
PROD01857,Thingamajig,Toolz,287.76
PROD00177,Gadget,Toolz,493.44
PROD01301,Contraption,Home,22.42
PROD00869,Contraption,Gadgets,79.49
PROD00832,Thingamajig,Toolz,167.28
PROD00086,Doohickey,Homeware,153.7
PROD01523,Thingamajig,Tools,406.31
PROD00247,Widget,Toolz,345.53
PROD00457,Doohickey,Toolz,136.98
PROD00777,Gadget,Home,173.87
PROD01041,Thingamajig,Electronics,386.12
PROD01974,Widget,Gadgets,442.35
PROD00054,Widget,Homeware,122.89
PROD01621,Widget,Toolz,106.31
PROD00643,Widget,Home,474.67
PROD01025,Doohickey,Tools,412.01
PROD00677,Widget,Gadgets,103.89
PROD00221,Gadget,Electronics,176.94
PROD00113,Contraption,Home,24.11
PROD01084,Doohickey,Tools,156.39
PROD01828,Widget,Electronics,40.66
PROD01094,Contraption,Electronics,322.94
PROD00174,Widget,Toolz,184.34
PROD01658,Gadget,Toolz,218.7
PROD00589,Doohickey,Toolz,76.6
PROD01934,,Gadgets,235.98
PROD01680,Thingamajig,Gadgets,290.62
PROD00018,Contraption,Tools,436.86
PROD00423,Doohickey,Toolz,460.7
PROD01449,Doohickey,Tools,249.49
PROD00285, ,Tools,208.56
PROD01754,Thingamajig,Electronics,97.46
PROD00428,Widget,Toolz,455.97
PROD01629,Widget,Homeware,242.46
PROD01611,Contraption,Homeware,465.43
PROD00669,Gadget,Gadgets,87.4
PROD00031,,Electronics,35.85
PROD01583,Contraption,Toolz,418.24
PROD00722,Contraption,Home,117.82
PROD01233,,Homeware,358.45
PROD00214,Gadget,Tools,464.38
PROD01672,Contraption,Electronics,invalid
PROD01345,Thingamajig,Toolz,126.62
PROD00932,Contraption,Home,382.44
PROD00326,Thingamajig,Toolz,290.22
PROD00560,Contraption,Home,344.72
PROD01204,Gadget,Home,422.58
PROD00700,Thingamajig,Gadgets,56.29
PROD01859,Contraption,Gadgets,66.66
PROD01283,Gadget,Home,193.12
PROD00341,Doohickey,Toolz,298.74
PROD00629,Widget,Electronics,89.16
PROD00147,Contraption,Toolz,449.21
PROD01519,Widget,Gadgets,312.22
PROD00360,Gadget,Gadgets,443.32
PROD00083,Doohickey,Gadgets,476.76
PROD01506,Widget,Toolz,306.65
PROD00048,Thingamajig,Toolz,196.63
PROD00468,Thingamajig,Electronics,14.95
PROD00155,Doohickey,Home,470.27
PROD01105,Thingamajig,Home,165.3
PROD01584,Doohickey,Electronics,131.86
PROD01578,Gadget,Toolz,257.03
PROD00478,Doohickey,Gadgets,140.04
PROD01487,Gadget,Tools,261.79
PROD01753,Contraption,Gadgets,16.93
PROD00855,Gadget,Gadgets,83.32
PROD00500,Doohickey,Homeware,83.58
PROD01904,Doohickey,Home,207.68
PROD00179,Doohickey,Homeware,338.68
PROD01767,Doohickey,Home,242.79
PROD01894,Gadget,Gadgets,261.0
PROD00925,Widget,Electronics,204.81
PROD00178,Widget,Homeware,126.25
PROD01355,Gadget,Toolz,479.19
PROD01394,Widget,Tools,140.05
PROD01742,Contraption,Homeware,16.72
PROD00528,Widget,Homeware,81.3
PROD00346,Thingamajig,Gadgets,371.55
PROD01860,Thingamajig,Gadgets,206.17
PROD00069,Contraption,Homeware,430.09
PROD01326,,Tools,286.35
PROD00385,Gadget,Electronics,11.99
PROD01005,Contraption,Tools,362.17
PROD01102,Contraption,Toolz,423.28
PROD00601, ,Tools,203.37
PROD01137,Thingamajig,Gadgets,15.95
PROD00243,Doohickey,Tools,115.11
PROD01646,Gadget,Home,424.99
PROD00802,Contraption,Tools,415.47
PROD01947,Contraption,Home,227.72
PROD01593,Contraption,Gadgets,152.81
PROD00312,Contraption,Electronics,invalid
PROD00435,Contraption,Homeware,20.06
PROD01532,Widget,Homeware,213.6
PROD00136,Doohickey,Tools,12.98
PROD00308,Doohickey,Homeware,253.24
PROD00430,Contraption,Home,invalid
PROD00660,Widget,Gadgets,382.65
PROD01307,Contraption,Gadgets,128.77
PROD00370,Contraption,Home,402.39
PROD00566,Widget,Gadgets,253.52
PROD01173,,Home,280.78
PROD01383,Gadget,Gadgets,149.71
PROD00824,Gadget,Tools,32.78
PROD00181,Thingamajig,Gadgets,174.08
PROD01378,Doohickey,Gadgets,188.13
PROD00621,Doohickey,Tools,307.64
PROD00966,Contraption,Tools,435.42
PROD01286,Thingamajig,Gadgets,361.98
PROD01543,Contraption,Toolz,190.64
PROD00813,Doohickey,Tools,194.29
PROD01537,Contraption,Electronics,230.69
PROD01988,Widget,Toolz,400.74
PROD00778,Widget,Tools,254.02
PROD00056,Thingamajig,Home,377.52
PROD00296,Doohickey,Gadgets,391.31
PROD01043,Widget,Home,321.93
PROD00461,Gadget,Toolz,470.84
PROD01913,Widget,Toolz,387.55
PROD01270, ,Gadgets,invalid
PROD00904,Widget,Homeware,54.53
PROD00377,Contraption,Gadgets,93.72
PROD00798,Contraption,Toolz,364.6
PROD01943,Contraption,Electronics,194.37
PROD00105, ,Toolz,214.8
PROD00126,Contraption,Home,223.02
PROD00839,Widget,Gadgets,374.9
PROD01985,Thingamajig,Home,invalid
PROD00887,Thingamajig,Electronics,474.27
PROD01223,Gadget,Gadgets,28.74
PROD00990,Doohickey,Gadgets,391.07
PROD00355,Thingamajig,Tools,461.01
PROD01739,Thingamajig,Home,474.28
PROD00682,,Electronics,92.55
PROD01655,Contraption,Home,149.76
PROD01979,Thingamajig,Tools,413.23
PROD01666,Widget,Tools,416.85
PROD00209,Contraption,Toolz,362.65
PROD01558,Gadget,Toolz,211.09
PROD01893,Doohickey,Homeware,113.47
PROD00140,Widget,Toolz,61.03
PROD01553,Contraption,Home,85.87
PROD01771,Thingamajig,Homeware,430.05
PROD01805,Doohickey,Electronics,310.1
PROD01855,Thingamajig,Gadgets,273.15
PROD01187,Gadget,Toolz,225.33
PROD01625,Doohickey,Tools,invalid
PROD01545,Gadget,Homeware,165.32
PROD00711,Contraption,Electronics,132.67
PROD01368,Doohickey,Home,53.05
PROD01022,Gadget,Electronics,262.71
PROD01812,Gadget,Gadgets,339.67
PROD01903,,Homeware,436.15
PROD01303,Contraption,Home,240.83
PROD00010,Widget,Home,314.61
PROD01827,Contraption,Homeware,173.99
PROD01216,Contraption,Tools,197.46
PROD00282,Gadget,Gadgets,111.48
PROD00810,Gadget,Electronics,332.72
PROD01182,Doohickey,Electronics,53.0
PROD00291,Gadget,Home,270.33
PROD00931,Widget,Toolz,206.79
PROD00754,Doohickey,Home,489.79
PROD00626,Thingamajig,Homeware,163.22
PROD01208,Widget,Electronics,283.68
PROD01018,Thingamajig,Toolz,364.36
PROD00129,Gadget,Tools,91.38
PROD01269,Gadget,Toolz,60.15
PROD00843,Gadget,Tools,303.79
PROD00323,Widget,Gadgets,215.45
PROD01981,Widget,Home,319.43
PROD00070,Doohickey,Electronics,154.85
PROD01990,Widget,Gadgets,495.26
PROD00584,Gadget,Homeware,226.15
PROD01023,Doohickey,Home,386.97
PROD01664,Doohickey,Tools,430.56
PROD00695,Gadget,Tools,34.59
PROD01492,Thingamajig,Toolz,301.56
PROD00215,Gadget,Gadgets,195.11
PROD01120,Doohickey,Tools,185.16
PROD01233,,Homeware,358.45
PROD01950,Doohickey,Tools,75.45
PROD00158, ,Electronics,326.36
PROD01318, ,Homeware,493.81
PROD01833,Contraption,Tools,277.57
PROD01980,Doohickey,Tools,358.56
PROD00864,Gadget,Homeware,391.65
PROD00841, ,Home,184.29
PROD00634,Contraption,Electronics,267.15
PROD00516,Contraption,Gadgets,153.79
PROD01544,Gadget,Home,invalid
PROD01640,Doohickey,Tools,436.64
PROD00597,Gadget,Toolz,363.29
PROD00195,Contraption,Home,150.23
PROD01769,Widget,Electronics,110.99
PROD01289,Doohickey,Electronics,147.46
PROD00950,Widget,Homeware,309.43
PROD00410,Gadget,Home,354.59
PROD01683,Gadget,Home,82.07
PROD00096,Widget,Homeware,414.94
PROD00440,Doohickey,Electronics,187.92
PROD00549,Doohickey,Homeware,50.96
PROD00156,Gadget,Electronics,293.43
PROD00419,Widget,Toolz,93.12
PROD00922,Thingamajig,Toolz,335.99
PROD00477,Widget,Electronics,209.92
PROD00553,Widget,Gadgets,477.73
PROD00390,Widget,Homeware,322.59
PROD00578,Widget,Homeware,232.82
PROD01840,,Toolz,497.12
PROD01770,Gadget,Toolz,278.75
PROD00820,Doohickey,Homeware,391.71
PROD01970,Widget,Home,226.94
PROD01006,Widget,Gadgets,42.06
PROD01876,Contraption,Homeware,106.71
PROD00664,Widget,Gadgets,19.38
PROD01622,Thingamajig,Tools,373.41
PROD00142,Contraption,Toolz,415.42
PROD01875,Thingamajig,Toolz,197.01
PROD00421,Doohickey,Electronics,176.27
PROD00799,Doohickey,Toolz,135.11
PROD00615,Widget,Gadgets,7.5
PROD01290,Widget,Tools,275.83
PROD00401,Contraption,Home,112.14
PROD00088,Gadget,Electronics,195.05
PROD01512,Contraption,Home,450.71
PROD00131,Widget,Tools,329.03
PROD01298,Doohickey,Electronics,invalid
PROD01745,Contraption,Electronics,187.3
PROD01451,Doohickey,Tools,217.9
PROD01617,Widget,Home,16.09
PROD00724,,Gadgets,10.97
PROD01235,Thingamajig,Home,27.39
PROD00368,,Homeware,284.09
PROD01575,Widget,Electronics,invalid
PROD00917,Gadget,Electronics,108.86
PROD01586,Gadget,Gadgets,326.98
PROD01423,Thingamajig,Electronics,32.8
PROD00375,Doohickey,Gadgets,86.3
PROD00333,Widget,Gadgets,358.72
PROD01590,Doohickey,Toolz,196.79
PROD01900,Contraption,Home,128.94
PROD00910,Gadget,Tools,invalid
PROD00776,Doohickey,Home,135.78
PROD01744,,Home,355.66
PROD00328,Gadget,Homeware,206.13
PROD01649,Widget,Home,238.88
PROD00012,Widget,Home,261.04
PROD00897,Contraption,Toolz,182.4
PROD00171, ,Toolz,225.28
PROD00260,Doohickey,Homeware,111.02
PROD01674,Contraption,Home,334.0
PROD01524,Widget,Gadgets,462.24
PROD00901,Gadget,Toolz,472.72
PROD00258,Gadget,Tools,319.21
PROD00844, ,Toolz,74.43
PROD00138,Widget,Electronics,27.14
PROD00319,Widget,Home,273.14
PROD01646,Gadget,Home,424.99
PROD01335,Thingamajig,Tools,103.71
PROD01271,Gadget,Gadgets,46.39
PROD00558,Contraption,Home,404.42
PROD00139,Widget,Electronics,59.04
PROD01870,Doohickey,Homeware,16.4
PROD00531,Thingamajig,Tools,54.46
PROD00224,Thingamajig,Gadgets,469.91
PROD00723,Doohickey,Homeware,293.7
PROD01851,Contraption,Gadgets,180.01
PROD00325,Contraption,Toolz,54.34
PROD01364,Doohickey,Homeware,316.2
PROD01170,Contraption,Home,45.38
PROD00714,Doohickey,Electronics,invalid
PROD00846,Doohickey,Electronics,400.06
PROD00193,Doohickey,Toolz,214.07
PROD00573,Widget,Home,355.24
PROD00946,Gadget,Homeware,67.29
PROD00503,Gadget,Gadgets,85.56
PROD01936,Contraption,Electronics,290.85
PROD01896, ,Electronics,invalid
PROD01928,,Home,304.98
PROD00003, ,Electronics,173.65
PROD01242,Widget,Tools,82.18
PROD00467,Thingamajig,Home,162.16
PROD00005,Gadget,Electronics,266.44
PROD01959,Gadget,Home,436.7
PROD00547,Gadget,Home,118.89
PROD00228, ,Toolz,256.81
PROD01063,Gadget,Home,432.39
PROD00542,Widget,Homeware,18.31
PROD00242,Gadget,Tools,402.8
PROD00898,Contraption,Homeware,210.49
PROD01226,Contraption,Gadgets,271.19
PROD01285,Doohickey,Toolz,315.47
PROD01175,Widget,Electronics,invalid
PROD00842,Gadget,Tools,485.86
PROD01822,Widget,Home,301.07
PROD01994, ,Homeware,457.99
PROD00276,Thingamajig,Electronics,478.38
PROD00661,Widget,Electronics,343.26
PROD01727,Widget,Gadgets,91.09
PROD00314,Contraption,Homeware,203.37
PROD00691,Gadget,Tools,442.26
PROD01623,Gadget,Gadgets,20.03
PROD00424,Contraption,Tools,190.23
PROD00594,Thingamajig,Toolz,286.69
PROD00857,Gadget,Gadgets,236.88
PROD00622,Widget,Homeware,306.61
PROD01954, ,Gadgets,69.55
PROD01131,,Home,177.43
PROD00227,Doohickey,Electronics,52.51
PROD01210, ,Toolz,323.38
PROD01437,Contraption,Tools,289.84
PROD01189,Doohickey,Tools,397.86
PROD00066,Contraption,Gadgets,42.81
PROD00024,Doohickey,Electronics,468.78
PROD00144,Contraption,Home,145.13
PROD00536,Widget,Electronics,162.59
PROD00811,Thingamajig,Tools,417.11
PROD01961,,Electronics,278.05
PROD00085,Widget,Toolz,138.8
PROD01807,Contraption,Tools,438.0
PROD01547,Doohickey,Toolz,323.59
PROD01159,,Homeware,19.6
PROD01948,Gadget,Tools,380.58
PROD01963,Thingamajig,Electronics,424.35
PROD01729,,Homeware,invalid
PROD01237,Doohickey,Toolz,148.77
PROD00362,Widget,Home,74.23
PROD01818,Contraption,Gadgets,278.69
PROD01432,Gadget,Gadgets,237.26
PROD01026,Gadget,Toolz,306.97
PROD01030,Gadget,Electronics,invalid
PROD01315, ,Tools,153.43
PROD01463,Widget,Homeware,346.98
PROD01161,Doohickey,Home,51.61
PROD00665,Contraption,Gadgets,306.8
PROD00364,Widget,Gadgets,invalid
PROD00077,Doohickey,Electronics,456.46
PROD00027,Widget,Toolz,104.25
PROD01552,Contraption,Electronics,74.26
PROD00525,Gadget,Electronics,90.17
PROD01608,Contraption,Homeware,310.1
PROD00055,Thingamajig,Toolz,9.97
PROD00638,Widget,Home,284.62
PROD00302,Widget,Electronics,360.32
PROD00718,Thingamajig,Gadgets,357.97
PROD00624,Widget,Electronics,273.02
PROD00007,Doohickey,Homeware,252.92
PROD00803,Doohickey,Home,157.47
PROD01049,Contraption,Gadgets,136.55
PROD00336,Gadget,Home,226.31
PROD00047,,Homeware,13.96
PROD01957,,Electronics,190.15
PROD00106,Gadget,Electronics,385.66
PROD00349,Gadget,Electronics,137.73
PROD01079,,Tools,377.89
PROD00238,Contraption,Electronics,64.37
PROD00213,Thingamajig,Tools,264.97
PROD01144,Gadget,Electronics,218.26
PROD01921,Gadget,Toolz,447.94
PROD01231,Gadget,Gadgets,231.33
PROD00793,Contraption,Electronics,99.99
PROD01096, ,Electronics,311.14
PROD01273,Widget,Electronics,188.6
PROD01711,Gadget,Electronics,129.82
PROD01703, ,Home,178.99
PROD01801,Gadget,Tools,342.68
PROD00523,Contraption,Home,201.02
PROD00232,,Electronics,246.74
PROD00644,Doohickey,Homeware,200.9
PROD01627,Thingamajig,Home,291.99
PROD00533,Thingamajig,Tools,238.79
PROD01628, ,Homeware,138.68
PROD00603,Contraption,Homeware,372.63
PROD01305,Gadget,Toolz,196.45
PROD01074,Thingamajig,Gadgets,392.94
PROD01877,Gadget,Gadgets,43.29
PROD00060,Doohickey,Gadgets,33.16
PROD01404,Contraption,Electronics,258.73
PROD00092,Contraption,Gadgets,268.58
PROD00666,Thingamajig,Homeware,44.85
PROD00280,Doohickey,Electronics,302.52
PROD01393,Gadget,Electronics,498.1
PROD00359,Gadget,Tools,435.53
PROD01221,Doohickey,Electronics,375.19
PROD01263,Gadget,Home,134.44
PROD00847,Widget,Home,34.84
PROD01206,Widget,Homeware,424.65
PROD01488,Thingamajig,Homeware,112.12
PROD00110,Gadget,Toolz,342.89
PROD00042,Widget,Home,438.84
PROD00125,Widget,Tools,277.97
PROD00204,Contraption,Tools,296.83
PROD00052,Contraption,Tools,452.26
PROD00545,Widget,Electronics,5.79
PROD00068,Thingamajig,Homeware,407.65
PROD01229,Thingamajig,Home,256.83
PROD01667,Contraption,Gadgets,400.37
PROD00183,Contraption,Home,78.46
PROD00137,Thingamajig,Homeware,425.46
PROD00899,Thingamajig,Homeware,49.94
PROD00796, ,Tools,260.65
PROD00132,Gadget,Home,255.83
PROD00080,Thingamajig,Toolz,363.83
PROD01601,Gadget,Homeware,430.88
PROD01660,Thingamajig,Tools,182.54
PROD00541,Widget,Tools,336.59
PROD01716,Gadget,Home,164.82
PROD00983,Contraption,Homeware,278.88
PROD00165,Contraption,Electronics,262.57
PROD00248,Gadget,Homeware,23.99
PROD00446,Gadget,Electronics,429.66
PROD01971,Gadget,Electronics,308.4
PROD00858,Doohickey,Gadgets,99.49
PROD01309,Thingamajig,Toolz,449.8
PROD00097,Contraption,Home,377.89
PROD00805,Widget,Toolz,invalid
PROD00737,,Toolz,64.2
PROD01357,Gadget,Gadgets,161.17
PROD00102,Gadget,Homeware,278.88
PROD00434,Thingamajig,Toolz,33.33
PROD00074,Gadget,Toolz,56.67
PROD01933,Thingamajig,Homeware,364.49
PROD01469,Thingamajig,Electronics,475.07
PROD01230,Widget,Homeware,27.14
PROD00918,Doohickey,Home,150.08
PROD01845,Widget,Gadgets,24.77
PROD01800,Doohickey,Electronics,296.83
PROD01756,Gadget,Electronics,280.9
PROD00762,Widget,Gadgets,396.06
PROD00989,Doohickey,Electronics,373.57
PROD00388,Thingamajig,Gadgets,186.8
PROD00235,Gadget,Gadgets,225.19
PROD01626,Widget,Homeware,121.23
PROD00267,Contraption,Tools,439.56
PROD01281,Doohickey,Tools,91.89
PROD00117,Doohickey,Toolz,332.08
PROD01728,Widget,Electronics,427.51
PROD00673,Thingamajig,Home,258.11
PROD00249,Widget,Electronics,354.03
PROD01569,Widget,Gadgets,196.83
PROD00651,Widget,Gadgets,316.99
PROD00094,Gadget,Gadgets,468.93
PROD00033,Thingamajig,Toolz,306.95
PROD01581,Widget,Home,313.28
PROD01797,Doohickey,Tools,460.07
PROD00448,Widget,Homeware,370.04
PROD00716,Gadget,Gadgets,156.8
PROD01366,,Homeware,128.45
PROD01637,Gadget,Electronics,144.38
PROD00000,Doohickey,Home,invalid
PROD01975,Contraption,Tools,219.54
PROD01101,Doohickey,Toolz,70.85
PROD01108,Doohickey,Electronics,18.05
PROD01512,Contraption,Home,450.71
PROD00082,Widget,Toolz,222.94
PROD01884,Contraption,Home,283.84
PROD00676,,Toolz,238.72
PROD01567,Thingamajig,Electronics,475.23
PROD01046,Gadget,Electronics,invalid
PROD00770,Thingamajig,Toolz,296.52
PROD01313,Thingamajig,Gadgets,132.32
PROD01905,Widget,Gadgets,38.06
PROD01701, ,Home,298.7
PROD01607,Gadget,Homeware,429.39
PROD00404,Contraption,Tools,invalid
PROD01938,Widget,Toolz,468.75
PROD01402,Doohickey,Tools,349.17
PROD01446,Contraption,Toolz,invalid
PROD00104, ,Homeware,495.49
PROD00688,Gadget,Toolz,206.14
PROD01411,Widget,Electronics,431.43
PROD00826,Widget,Gadgets,145.7
PROD01240,Thingamajig,Gadgets,198.01
PROD00062,Gadget,Toolz,160.49
PROD00852,,Homeware,170.21
PROD01461,Doohickey,Home,275.23
PROD01262,Gadget,Homeware,146.79
PROD00223,Thingamajig,Tools,115.7
PROD00145, ,Home,invalid
PROD01088,Widget,Electronics,428.71
PROD00373,Doohickey,Tools,168.44
PROD01536, ,Electronics,160.47
PROD01142,Gadget,Home,129.75
PROD01972,Doohickey,Toolz,166.64
PROD01613,Gadget,Gadgets,83.95
PROD01274,Widget,Home,223.8
PROD01265,Thingamajig,Homeware,105.05
PROD01723,Widget,Gadgets,141.0
PROD01697,Contraption,Gadgets,10.23
PROD00009,Contraption,Home,401.79
PROD00449,Gadget,Gadgets,337.64
PROD00708,Thingamajig,Homeware,377.49
PROD00255,Widget,Toolz,101.86
PROD00882,Doohickey,Gadgets,85.83
PROD00389,Gadget,Homeware,467.48
PROD01486,Doohickey,Electronics,305.87
PROD00908,Contraption,Gadgets,326.96
PROD00924,Doohickey,Gadgets,19.84
PROD01837,Thingamajig,Tools,58.5
PROD01331,Doohickey,Home,199.45
PROD00460, ,Gadgets,319.47
PROD01918,Widget,Toolz,394.52
PROD01834,Contraption,Tools,258.0
PROD01168,Gadget,Electronics,133.95
PROD00958,Gadget,Gadgets,426.12
PROD00501, ,Electronics,171.65
PROD00739,Contraption,Home,321.13
PROD01998,Gadget,Electronics,189.2
PROD00868,Thingamajig,Gadgets,9.23
PROD00731,Thingamajig,Gadgets,325.95
PROD00539,Widget,Electronics,436.98
PROD01201,Contraption,Tools,398.06
PROD00697, ,Gadgets,24.75
PROD01505,,Electronics,456.13
PROD01487,Gadget,Tools,261.79
PROD01145,Thingamajig,Homeware,71.01
PROD01031, ,Electronics,131.45
PROD00372,Gadget,Toolz,238.69
PROD00667,Widget,Toolz,207.34
PROD01645,Gadget,Gadgets,246.82
PROD00357,Thingamajig,Home,11.74
PROD00967,,Gadgets,205.8
PROD00783,Gadget,Gadgets,93.5
PROD00735,Widget,Gadgets,107.18
PROD01035,,Electronics,263.81
PROD00970,Gadget,Tools,329.45
PROD01644,Thingamajig,Electronics,220.5
PROD01605,Thingamajig,Tools,248.38
PROD01906,Gadget,Toolz,312.37
PROD01925,Gadget,Home,392.66
PROD01328,Gadget,Gadgets,184.89
PROD01568,Contraption,Tools,73.15
PROD01609,Doohickey,Toolz,427.08
PROD01907,Doohickey,Tools,392.63
PROD01252,Gadget,Gadgets,130.45
PROD01826,Doohickey,Toolz,466.58
PROD01849,,Electronics,114.12
PROD01236,Gadget,Electronics,450.66
PROD00885, ,Toolz,invalid
PROD00079,Gadget,Electronics,278.72
PROD01172,Widget,Tools,440.25
PROD00814,Doohickey,Gadgets,370.81
PROD01387,Thingamajig,Gadgets,495.89
PROD00671,Widget,Homeware,16.25
PROD01651, ,Electronics,277.76
PROD00057,Gadget,Homeware,270.43
PROD00133,Widget,Electronics,162.08
PROD01140,Gadget,Toolz,36.57
PROD00933,Thingamajig,Home,89.02
PROD01816,Thingamajig,Home,345.72
PROD00823,Gadget,Gadgets,295.13
PROD01214,Widget,Home,247.78
PROD00504,Widget,Tools,377.26
PROD01915,Gadget,Gadgets,390.63
PROD00347,Widget,Toolz,23.07
PROD00386,Thingamajig,Homeware,145.67
PROD01024,Thingamajig,Electronics,119.93
PROD00894,Thingamajig,Gadgets,291.26
PROD00828,Doohickey,Homeware,488.7
PROD00585,Doohickey,Electronics,22.63
PROD00475,Gadget,Homeware,192.76
PROD01588, ,Electronics,337.56
PROD01563,,Toolz,32.97
PROD01509,Thingamajig,Home,440.96
PROD00652,Thingamajig,Home,344.99
PROD00172, ,Toolz,207.91
PROD01149,Contraption,Homeware,256.44
PROD00038,Gadget,Electronics,69.08
PROD00713,,Toolz,263.28
PROD00090,Thingamajig,Gadgets,224.79
PROD00166,Thingamajig,Homeware,101.54
PROD01205,Thingamajig,Toolz,378.53
PROD00875,Gadget,Homeware,98.48
PROD01459,Gadget,Homeware,406.43
PROD00124,Doohickey,Homeware,44.38
PROD01093,Contraption,Home,158.71
PROD01155,Thingamajig,Tools,36.5
PROD01324,Widget,Homeware,70.89
PROD01472,Thingamajig,Toolz,186.03
PROD01350,Thingamajig,Electronics,37.35
PROD00510,Thingamajig,Gadgets,24.86
PROD00499,Gadget,Gadgets,182.65
PROD01465,Contraption,Toolz,399.14
PROD01730,Gadget,Electronics,216.23
PROD00338,Thingamajig,Electronics,76.17
PROD01188,Gadget,Home,467.97
PROD00028,Gadget,Toolz,34.4
PROD01217,Contraption,Tools,394.25
PROD01431,Doohickey,Toolz,250.17
PROD01976,Contraption,Toolz,334.83
PROD00945,Contraption,Toolz,416.39
PROD00169,Thingamajig,Electronics,119.29
PROD01517,Contraption,Homeware,239.5
PROD01197,Doohickey,Home,393.11
PROD01253,Widget,Electronics,invalid
PROD01511,Doohickey,Tools,266.97
PROD00912,Widget,Homeware,27.46
PROD00491,,Tools,138.13
PROD00953,,Homeware,233.76
PROD01097,Widget,Home,51.22
PROD01032,Contraption,Gadgets,215.83
PROD00587,Widget,Tools,201.13
PROD00750,Thingamajig,Tools,126.12
PROD00657,Doohickey,Tools,82.7
PROD00234,Doohickey,Electronics,474.2
PROD00732,Contraption,Electronics,243.62
PROD00297,Widget,Toolz,179.59
PROD01949,Widget,Toolz,397.91
PROD01156,Contraption,Electronics,84.8
PROD01587,Contraption,Toolz,225.54
PROD01540,Gadget,Home,13.39
PROD01987,Thingamajig,Tools,212.1
PROD00934,Contraption,Gadgets,177.59
PROD01209,Gadget,Homeware,263.23
PROD01065, ,Tools,403.58
PROD00108,Widget,Gadgets,496.34
PROD01671,Doohickey,Tools,253.18
PROD00568,Gadget,Home,486.03
PROD01167,Thingamajig,Electronics,129.75
PROD01174,Contraption,Tools,52.27
PROD00890,Doohickey,Electronics,29.36
PROD00947,Contraption,Home,403.7
PROD01048,Widget,Electronics,114.59
PROD01460,Doohickey,Electronics,153.62
PROD01481,Gadget,Toolz,305.38
PROD01562, ,Home,434.99
PROD00884,Doohickey,Home,387.31
PROD01810,Gadget,Electronics,99.68
PROD01621,Widget,Toolz,106.31
PROD00850,Widget,Home,437.18
PROD01407,Gadget,Homeware,134.49
PROD00734,Thingamajig,Tools,37.05
PROD00717,Thingamajig,Tools,285.98
PROD00454,Gadget,Tools,211.11
PROD00264,Gadget,Home,308.62
PROD00075,Contraption,Tools,208.36
PROD01786,Thingamajig,Toolz,257.23
PROD00444,Gadget,Electronics,64.12
PROD00395,Doohickey,Electronics,194.56
PROD00176,Contraption,Toolz,118.73
PROD01042,Contraption,Gadgets,367.56
PROD01871,Gadget,Home,106.54
PROD01514,Gadget,Tools,197.84
PROD01630,Gadget,Toolz,80.88
PROD01491,,Gadgets,311.15
PROD00595,Contraption,Tools,invalid
PROD00061,Gadget,Toolz,222.09
PROD01296,Thingamajig,Electronics,343.74
PROD00872,Widget,Homeware,104.16
PROD01608,Contraption,Homeware,310.1
PROD00792,Widget,Gadgets,337.58
PROD00278,Gadget,Homeware,68.39
PROD01392, ,Toolz,351.75
PROD00036,Contraption,Toolz,370.95
PROD01635,Gadget,Electronics,26.8
PROD00662,Contraption,Home,292.18
PROD01951,Doohickey,Electronics,452.31
PROD01560,Thingamajig,Gadgets,49.29
PROD00977,Widget,Electronics,216.12
PROD01692, ,Tools,invalid
PROD00738,Contraption,Tools,251.9
PROD00191,Doohickey,Tools,41.14
PROD00919,Widget,Gadgets,412.51
PROD00456,Doohickey,Homeware,381.84
PROD01417,Thingamajig,Tools,362.94
PROD00675,Gadget,Electronics,362.91
PROD00760, ,Electronics,241.25
PROD01952,Gadget,Tools,202.62
PROD01724,Doohickey,Gadgets,401.65
PROD00728,Gadget,Gadgets,323.71
PROD01080, ,Homeware,90.17
PROD01399,Gadget,Tools,invalid
PROD00412, ,Tools,43.71
PROD01098,Gadget,Tools,457.78
PROD00825,Doohickey,Toolz,271.26
PROD01615,Widget,Homeware,214.47
PROD00616,,Electronics,392.12
PROD00114,Contraption,Home,138.03
PROD00417,Thingamajig,Tools,129.02
PROD01244, ,Electronics,461.48
PROD00969,Thingamajig,Homeware,222.73
PROD00604,Doohickey,Toolz,456.61
PROD01473,Widget,Home,409.62
PROD00089,Contraption,Tools,invalid
PROD00848,Widget,Home,189.87
PROD01639,Contraption,Electronics,invalid
PROD00361,Widget,Home,314.95
PROD00753,Widget,Gadgets,360.1
PROD00498,Thingamajig,Tools,164.57
PROD01276,Doohickey,Electronics,487.38
PROD01325,Widget,Homeware,126.77
PROD00011,Gadget,Toolz,286.73
PROD00396,Widget,Tools,427.43
PROD00284, ,Electronics,164.98
PROD01066,Gadget,Toolz,218.74
PROD01191,Doohickey,Homeware,58.35
PROD01440,Doohickey,Homeware,379.36
PROD01962,Widget,Toolz,invalid
PROD01450,Widget,Electronics,34.9
PROD00690,,Electronics,392.61
PROD01755,Thingamajig,Electronics,331.63
PROD00099,Gadget,Tools,312.66
PROD00689,Gadget,Homeware,237.75
PROD00851,Thingamajig,Home,271.71
PROD01498,Gadget,Toolz,345.7
PROD00159,Widget,Home,479.52
PROD00895, ,Electronics,85.63
PROD01776,Gadget,Electronics,315.34
PROD00257,Contraption,Tools,250.88
PROD00335,Doohickey,Home,invalid
PROD00628,Contraption,Gadgets,251.99
PROD01039,Widget,Tools,352.29
PROD00515, ,Gadgets,86.19
PROD01348,Doohickey,Toolz,267.64
PROD01015,Widget,Tools,128.04
PROD00768,Widget,Homeware,452.97
PROD01883,,Gadgets,480.52
PROD00761,Doohickey,Home,441.41
PROD01246,Doohickey,Homeware,158.32
PROD01203,Doohickey,Homeware,491.26
PROD01696,Widget,Tools,472.71
PROD01123,Contraption,Tools,272.48
PROD00521,Contraption,Gadgets,49.75
PROD00022,Gadget,Homeware,311.23
PROD00356,Widget,Electronics,43.36
PROD01277,Gadget,Electronics,363.83
PROD01312,Gadget,Homeware,481.7
PROD01814,,Electronics,98.23
PROD00340,Thingamajig,Tools,107.8
PROD00431,Contraption,Electronics,325.37
PROD00473,Thingamajig,Homeware,432.97
PROD00217,Contraption,Homeware,invalid
PROD00911,Gadget,Gadgets,366.17
PROD01227,Gadget,Tools,343.66
PROD01717,Gadget,Homeware,353.5
PROD01011,Gadget,Tools,84.33
PROD00957,Widget,Toolz,76.88
PROD00093,Gadget,Homeware,20.5
PROD01008,Thingamajig,Toolz,368.06
PROD01070,Contraption,Electronics,19.05
PROD01092,Thingamajig,Tools,invalid
PROD01706,Thingamajig,Gadgets,214.24
PROD01308,Gadget,Home,320.17
PROD00696,Gadget,Homeware,415.01
PROD01935,Thingamajig,Electronics,262.23
PROD00996,Contraption,Homeware,319.28
PROD01458,Contraption,Electronics,162.94
PROD00153,Doohickey,Homeware,359.31
PROD01099,Doohickey,Tools,426.84
PROD01852,,Home,16.36
PROD01931,Contraption,Home,266.8
PROD00789, ,Home,156.16
PROD00580,Gadget,Electronics,215.72
PROD01470,Gadget,Tools,395.19
PROD00703,Gadget,Electronics,186.4
PROD01212,Widget,Toolz,150.01
PROD01295,Widget,Toolz,24.02
PROD01795,Doohickey,Homeware,493.41
PROD01260,,Gadgets,477.88
PROD00487,Widget,Home,219.76
PROD00559,Contraption,Electronics,68.73
PROD01141,Gadget,Home,477.59
PROD01119,Gadget,Gadgets,134.44
PROD00801,Doohickey,Homeware,156.59
PROD00512,Thingamajig,Home,463.81
PROD00633,Contraption,Homeware,46.13
PROD01930,Widget,Homeware,72.27
PROD01929,Widget,Homeware,invalid
PROD01665,Gadget,Toolz,301.4
PROD01150,Gadget,Home,384.32
PROD00790,Widget,Toolz,238.58
PROD00116,Gadget,Home,11.11
PROD01497,Thingamajig,Home,126.82
PROD00740,Thingamajig,Homeware,invalid
PROD01823,Gadget,Homeware,172.0
PROD01081,Thingamajig,Toolz,48.99
PROD00830,Doohickey,Electronics,296.96
PROD00119,Gadget,Homeware,13.55
PROD00656,Thingamajig,Toolz,146.71
PROD01741,Widget,Homeware,489.5
PROD00635,Thingamajig,Gadgets,376.67
PROD00369,Widget,Toolz,148.65
PROD00268,Thingamajig,Electronics,438.14
PROD00655,Thingamajig,Gadgets,204.96
PROD00935,Widget,Toolz,212.84
PROD00822,Widget,Electronics,128.67
PROD00866,Contraption,Electronics,203.73
PROD00046,Thingamajig,Tools,192.8
PROD01373,Doohickey,Homeware,223.26
PROD01897,Thingamajig,Tools,28.75
PROD00991,Gadget,Electronics,267.63
PROD00876,Widget,Gadgets,157.7
PROD00773, ,Electronics,139.02
PROD01219,Gadget,Gadgets,416.47
PROD01126,Gadget,Home,398.8
PROD00004,Widget,Toolz,479.08
PROD01003,Doohickey,Toolz,263.27
PROD01798,Widget,Electronics,237.61
PROD01858,Doohickey,Electronics,487.17
PROD00263, ,Home,invalid
PROD01690,Doohickey,Home,320.93
PROD01977,Doohickey,Homeware,375.72
PROD00443,Widget,Tools,46.0
PROD01002,Gadget,Electronics,203.43
PROD01077,Thingamajig,Homeware,281.45
PROD00837,Thingamajig,Tools,370.83
PROD01932,Doohickey,Homeware,378.36
PROD00304,Widget,Electronics,209.63
PROD01365,Gadget,Homeware,144.21
PROD01944,Doohickey,Gadgets,16.82
PROD00313, ,Electronics,407.43
PROD00149,Doohickey,Home,20.42
PROD01148,Gadget,Tools,120.12
PROD01213,Contraption,Gadgets,205.1
PROD00574,Widget,Gadgets,259.87
PROD00050,Gadget,Electronics,277.02
PROD01673,Widget,Gadgets,7.0
PROD00726,Contraption,Toolz,260.82
PROD00833,Widget,Tools,332.04
PROD01377,Widget,Home,173.19
PROD01115, ,Toolz,499.19
PROD01166,Contraption,Gadgets,92.82
PROD00470,Doohickey,Electronics,232.87
PROD00971,Thingamajig,Gadgets,171.99
PROD00653,Doohickey,Gadgets,319.93
PROD00399,Doohickey,Tools,108.61
PROD00511,Thingamajig,Gadgets,120.98
PROD00320,Widget,Homeware,52.3
PROD00019,Doohickey,Toolz,147.59
PROD00684,Widget,Toolz,419.75
PROD00035,Gadget,Tools,40.03
PROD00902,Widget,Gadgets,invalid
PROD01919,Widget,Tools,90.04
PROD00827,Doohickey,Toolz,441.02
PROD01940,Doohickey,Tools,23.03
PROD00407,Gadget,Home,238.49
PROD00920,,Gadgets,91.45
PROD00537,Thingamajig,Tools,202.94
PROD00758,Contraption,Electronics,154.87
PROD00909,Gadget,Tools,438.59
PROD01062,Gadget,Tools,222.92
PROD01199,Gadget,Tools,126.88
PROD00245,Contraption,Home,229.46
PROD01416,Thingamajig,Tools,48.26
PROD01127,Gadget,Gadgets,52.83
PROD00784,Doohickey,Homeware,338.12
PROD01878,Widget,Electronics,343.22
PROD00489,Thingamajig,Tools,174.38
PROD00154,Thingamajig,Home,392.82
PROD01662,Contraption,Toolz,86.32
PROD00961,Thingamajig,Gadgets,12.09
PROD00853,Doohickey,Electronics,42.4
PROD01311,Doohickey,Tools,147.0
PROD00625,Thingamajig,Tools,281.04
PROD00685,Widget,Electronics,454.89
PROD01784,Doohickey,Tools,116.24
PROD00569,Thingamajig,Tools,93.53
PROD00565,Gadget,Home,404.53
PROD00017,Thingamajig,Home,198.26
PROD00127,Thingamajig,Electronics,394.43
PROD01346,Widget,Toolz,382.5
PROD01279,Doohickey,Electronics,invalid
PROD01691,Widget,Homeware,99.55
PROD00927,Doohickey,Tools,19.1
PROD00980, ,Gadgets,415.89
PROD00252,Doohickey,Homeware,474.85
PROD00190,Gadget,Gadgets,16.85
PROD01139,Doohickey,Homeware,240.93
PROD00992,Widget,Toolz,invalid
PROD00699,,Tools,222.82
PROD01785,Contraption,Tools,242.29
PROD00606,Thingamajig,Toolz,497.48
PROD00180,Contraption,Tools,304.75
PROD00301,Contraption,Tools,419.88
PROD00496,,Tools,164.88
PROD01829,Gadget,Gadgets,191.4
PROD01843,Gadget,Tools,68.07
PROD01790,Thingamajig,Toolz,301.91
PROD01764,Thingamajig,Homeware,136.61
PROD00517, ,Tools,350.33
PROD01396,Thingamajig,Electronics,169.79
PROD01069,Contraption,Homeware,149.68
PROD00476,Widget,Tools,143.09
PROD00157, ,Toolz,79.29
PROD01243,Doohickey,Gadgets,312.77
PROD01195, ,Electronics,172.01
PROD00016,Doohickey,Homeware,148.5
PROD01535, ,Tools,82.7
PROD01072,Gadget,Home,343.09
PROD01798,Widget,Electronics,237.61
PROD00546,Thingamajig,Tools,202.1
PROD01539,Gadget,Toolz,295.31
PROD00658,Gadget,Electronics,203.03
PROD01609,Doohickey,Toolz,427.08
PROD01019,Thingamajig,Gadgets,337.8
PROD01791,Doohickey,Home,283.03
PROD01504,Widget,Tools,391.89
PROD00959,Thingamajig,Electronics,400.89
PROD00572,Widget,Electronics,invalid
PROD00283, ,Tools,207.46
PROD01632,Thingamajig,Home,invalid
PROD00797,Gadget,Electronics,299.64
PROD01749,Doohickey,Toolz,48.19
PROD00225,,Toolz,305.05
PROD00026,Gadget,Tools,invalid
PROD01911,,Gadgets,13.5
PROD00437,Gadget,Gadgets,229.97
PROD00755,Widget,Home,142.35
PROD01388,Doohickey,Tools,130.09
PROD00229,Contraption,Homeware,301.2
PROD00037,Widget,Gadgets,444.32
PROD01693,Doohickey,Toolz,107.51
PROD00749,Widget,Electronics,226.08
PROD01045,Contraption,Gadgets,181.55
PROD01398,Gadget,Electronics,463.64
PROD00469,Gadget,Tools,10.17
PROD01825,Thingamajig,Gadgets,198.86
PROD01555,Contraption,Toolz,181.76
PROD00687,Doohickey,Tools,375.56
PROD01991, ,Homeware,495.56
PROD00639,Thingamajig,Tools,383.65
PROD01846,Thingamajig,Home,34.64
PROD01218,Gadget,Electronics,343.61
PROD01158,Widget,Home,494.85
PROD01415,Thingamajig,Gadgets,288.09
PROD01527,Widget,Electronics,254.54
PROD01783,Contraption,Gadgets,227.67
PROD01300,Widget,Electronics,429.22
PROD01968,Contraption,Electronics,34.64
PROD00800,Doohickey,Homeware,418.05
PROD01603,Doohickey,Home,167.04
PROD00160,Thingamajig,Tools,284.87
PROD01704,Thingamajig,Homeware,239.43
PROD00956,Doohickey,Homeware,167.33
PROD01743,Gadget,Homeware,398.2
PROD01186,Thingamajig,Electronics,256.13
PROD00821,Gadget,Toolz,480.07
PROD01729,,Homeware,invalid
PROD01813,Thingamajig,Gadgets,300.89
PROD00877,Widget,Gadgets,269.04
PROD00913,,Gadgets,92.79
PROD00152,Contraption,Gadgets,109.68
PROD01984,Thingamajig,Toolz,114.02
PROD01917,,Homeware,269.16
PROD00509,Contraption,Toolz,243.87
PROD01135,Doohickey,Gadgets,221.75
PROD01250,Gadget,Electronics,191.68
PROD01793,Gadget,Electronics,24.77
PROD00103,Widget,Tools,466.57
PROD01445,Widget,Electronics,124.18
PROD01443,Gadget,Homeware,322.09
PROD01874,Doohickey,Toolz,invalid
PROD00586,Widget,Home,367.29
PROD01909, ,Toolz,147.68
PROD01696,Widget,Tools,472.71
PROD01143,Thingamajig,Homeware,18.65
PROD00053,Widget,Gadgets,174.85
PROD00151,Doohickey,Tools,297.66
PROD00403,Gadget,Gadgets,240.35
PROD01154,Contraption,Gadgets,388.44
PROD00207,Doohickey,Toolz,338.58
PROD00824,Gadget,Tools,32.78
PROD01682,Doohickey,Home,116.78
PROD01122,,Tools,463.13
PROD01888,Doohickey,Homeware,invalid
PROD00008,Doohickey,Tools,450.38
PROD01014,Thingamajig,Home,212.41
PROD01939,Thingamajig,Tools,429.67
PROD01060,Doohickey,Gadgets,360.55
PROD00452,Doohickey,Gadgets,186.3
PROD01675,,Tools,117.26
PROD00253,Contraption,Toolz,126.73
PROD01327, ,Homeware,366.01
PROD00896,Thingamajig,Gadgets,470.64
PROD01869,Widget,Electronics,426.04
PROD00880,Widget,Toolz,435.93
PROD01595,Doohickey,Tools,155.17
PROD00254,Contraption,Home,436.7
PROD00623,Gadget,Homeware,213.28
PROD00345,Widget,Gadgets,249.24
PROD00674,Doohickey,Home,457.04
PROD01787,Thingamajig,Toolz,436.58
PROD00262,Gadget,Tools,356.45
PROD01634,Contraption,Home,486.59
PROD01321,Doohickey,Gadgets,232.99
PROD01438,Widget,Homeware,66.39
PROD00150,Contraption,Toolz,148.98
PROD00472,Thingamajig,Electronics,342.04
PROD01802,,Homeware,393.98
PROD00640,Gadget,Home,145.52
PROD00871,Contraption,Tools,268.52
PROD00907,Thingamajig,Home,118.53
PROD00550,Widget,Homeware,94.04
PROD01920,Doohickey,Homeware,407.59
PROD00928,Doohickey,Homeware,invalid
PROD00488,,Toolz,342.6
PROD01734,Widget,Homeware,328.67
PROD01956,Contraption,Electronics,321.81
PROD01171,Thingamajig,Gadgets,51.54
PROD00146,Gadget,Electronics,183.34
PROD01838,Thingamajig,Tools,160.01
PROD01369,,Toolz,invalid
PROD00402,Doohickey,Homeware,309.39
PROD00954,Doohickey,Gadgets,260.87
PROD00964,Thingamajig,Gadgets,invalid
PROD00659,Gadget,Homeware,invalid
PROD01794,Gadget,Gadgets,144.01
PROD01372,Contraption,Tools,493.95
PROD00463,Doohickey,Gadgets,235.79
PROD01349,Thingamajig,Electronics,22.47
PROD00186, ,Homeware,87.55
PROD01147,Widget,Gadgets,350.12
PROD01224,Doohickey,Electronics,invalid
PROD00608,Gadget,Home,348.66
PROD00143,Contraption,Homeware,40.34
PROD00751,Gadget,Electronics,95.43
PROD01534,Doohickey,Tools,226.11
PROD00981,,Toolz,357.78
PROD00197,Widget,Gadgets,306.33
PROD01633,Thingamajig,Gadgets,416.07
PROD00883,Widget,Toolz,120.32
PROD00279,Thingamajig,Home,420.86
PROD00293,Contraption,Home,307.32
PROD01969,Thingamajig,Tools,317.18
PROD00400,,Electronics,invalid
PROD00122,Widget,Tools,320.68
PROD01207,Doohickey,Toolz,329.13
PROD00202,Widget,Tools,380.04
PROD01462,Thingamajig,Tools,117.92
PROD00835,Thingamajig,Toolz,74.53
PROD00246,,Tools,337.68
PROD01439,Contraption,Home,98.16
PROD01733, ,Tools,196.72
PROD01891,Contraption,Home,138.22
PROD00729,Contraption,Electronics,253.04
PROD01707,Thingamajig,Homeware,440.91
PROD00944,Thingamajig,Homeware,52.72
PROD01153,Contraption,Electronics,378.46
PROD01661,Widget,Electronics,378.08
PROD01426,Thingamajig,Home,50.34
PROD00384,Contraption,Gadgets,442.25
PROD01898,Gadget,Toolz,355.02
PROD01759,Widget,Electronics,24.68
PROD00854,Thingamajig,Toolz,281.35
PROD01589,Thingamajig,Home,106.27
PROD00219,Widget,Electronics,218.12
PROD00641,Thingamajig,Tools,494.89
PROD00001,Gadget,Home,7.59
PROD00112,Gadget,Homeware,151.43
PROD00698,Widget,Electronics,464.06
PROD01104,Thingamajig,Home,308.64
PROD00951,Widget,Gadgets,129.08
PROD01648,Thingamajig,Gadgets,301.03
PROD01636,Widget,Home,385.92
PROD00507,Widget,Homeware,239.42
PROD01410,Contraption,Home,403.71
PROD01409,Contraption,Home,227.69
PROD01830,Gadget,Tools,199.58
PROD01533,Gadget,Homeware,389.02
PROD01291,Doohickey,Toolz,60.13
PROD01953,Doohickey,Toolz,188.93
PROD00441,Doohickey,Tools,358.09
PROD01520,Contraption,Homeware,392.92
PROD01853,Contraption,Toolz,382.36
PROD01136,Widget,Gadgets,37.01
PROD01715,Gadget,Toolz,303.79
PROD01256,Doohickey,Home,39.91
PROD01118,Widget,Homeware,451.66
PROD01631,Contraption,Tools,340.62
PROD01695,Contraption,Home,229.04
PROD01397,Thingamajig,Toolz,invalid
PROD01850,Gadget,Homeware,377.1
PROD00663,Gadget,Home,212.04
PROD01983,Widget,Gadgets,310.35
PROD01257,Contraption,Home,83.67
PROD01842,Thingamajig,Homeware,58.19
PROD01914, ,Gadgets,392.66
PROD01700,Thingamajig,Home,460.18
PROD00317,Widget,Gadgets,353.23
PROD00648,Doohickey,Electronics,277.28
PROD01434,Widget,Home,224.05
PROD01479,Contraption,Toolz,415.74
PROD00709, ,Gadgets,174.51
PROD01382,Doohickey,Tools,102.58
PROD01282,Thingamajig,Electronics,451.27
PROD01768,Doohickey,Electronics,333.7
PROD00972,Widget,Tools,97.23
PROD00627,Doohickey,Toolz,80.13
PROD00632,Thingamajig,Home,245.84
PROD01306,Contraption,Homeware,122.65
PROD01400,Doohickey,Electronics,154.84
PROD01408,,Gadgets,144.41
PROD01248,Thingamajig,Home,207.56
PROD00324, ,Tools,154.57
PROD01254,Widget,Gadgets,25.69
PROD01496,Gadget,Tools,13.77
PROD01371, ,Toolz,384.73
PROD01529,Doohickey,Toolz,427.09
PROD01663,Thingamajig,Home,invalid
PROD01354,Contraption,Electronics,181.56
PROD01821,Widget,Homeware,149.27
PROD01089,Contraption,Homeware,171.82
PROD01450,Widget,Electronics,34.9
PROD01643,Thingamajig,Electronics,437.39
PROD01997,,Toolz,174.65
PROD00795,Widget,Homeware,332.98
PROD00645,Contraption,Home,59.76
PROD01012,Doohickey,Toolz,488.35
PROD01987,Thingamajig,Tools,212.1
PROD00556,Contraption,Home,176.41
PROD00681,Doohickey,Toolz,224.61
PROD00577,Doohickey,Electronics,invalid
PROD01819,Gadget,Tools,234.03
PROD01109,,Home,349.06
PROD01266, ,Electronics,423.99
PROD01722,Contraption,Home,39.2
PROD00128,Gadget,Toolz,249.99
PROD01183,Widget,Electronics,81.56
PROD00524,Gadget,Electronics,331.01
PROD01059, ,Toolz,303.88
PROD00540,Gadget,Home,269.39
PROD01194,Doohickey,Homeware,81.85
PROD01678,Gadget,Gadgets,276.48
PROD00748,Thingamajig,Tools,44.33
PROD01860,Thingamajig,Gadgets,206.17
PROD01430,Contraption,Gadgets,409.69
PROD00484,Doohickey,Home,89.38
PROD01757,Gadget,Home,485.58
PROD01923, ,Toolz,424.04
PROD00095,Contraption,Gadgets,378.47
PROD01020,Gadget,Home,75.49
PROD00563,Doohickey,Homeware,31.98
PROD01264,Thingamajig,Gadgets,200.48
PROD00742,Thingamajig,Homeware,449.58
PROD00863,,Gadgets,289.74
PROD01598,,Home,112.32
PROD01714,Contraption,Gadgets,193.03
PROD01484,Gadget,Toolz,179.92
PROD00891,Widget,Toolz,103.33
PROD01577,Doohickey,Homeware,44.91
PROD01881,Contraption,Gadgets,358.89
PROD01038,Thingamajig,Home,425.73
PROD00206,Thingamajig,Gadgets,8.85
PROD00392,Thingamajig,Toolz,112.14
PROD00794,Doohickey,Homeware,90.03
PROD00870,,Home,294.27
PROD00397,Gadget,Home,483.5
PROD00766,Gadget,Gadgets,153.48
PROD01989,Gadget,Tools,216.32
PROD01241,Contraption,Home,459.2
PROD01028,Gadget,Toolz,361.4
PROD01792,Thingamajig,Toolz,389.64
PROD00642,Doohickey,Electronics,271.11
PROD00251,Thingamajig,Electronics,419.63
PROD01966,Gadget,Homeware,invalid
PROD00612,Doohickey,Home,96.93
PROD01762,Contraption,Electronics,257.55
PROD00960,Contraption,Homeware,398.13
PROD01570,Thingamajig,Tools,200.93
PROD00725,Thingamajig,Tools,256.75
PROD01895,Widget,Homeware,101.88
PROD00683,Thingamajig,Homeware,322.48
PROD00098,Contraption,Tools,18.54
PROD00804,Doohickey,Toolz,382.53
PROD01751,Gadget,Gadgets,256.02
PROD01597,Gadget,Toolz,445.65
PROD00406,Widget,Electronics,404.58
PROD00502,Widget,Tools,97.62
PROD01071,Widget,Electronics,446.02
PROD01056,Gadget,Gadgets,53.8
PROD00929,Gadget,Home,invalid
PROD00779,Thingamajig,Tools,60.18
PROD01863,Gadget,Electronics,6.57
PROD00200,Doohickey,Tools,455.78
PROD00134,Contraption,Toolz,117.84
PROD01051,Doohickey,Gadgets,305.29
PROD00040,Widget,Homeware,116.5
PROD01017,Thingamajig,Tools,74.52
PROD00230,Thingamajig,Tools,invalid
PROD01513,Contraption,Electronics,365.27
PROD01796,Thingamajig,Toolz,418.98
PROD00378,,Homeware,496.69
PROD00288,Widget,Gadgets,113.38
PROD00418,Widget,Electronics,450.38
PROD01698,Contraption,Homeware,174.87
PROD00391,Thingamajig,Toolz,298.36
PROD00592,Doohickey,Toolz,459.79
PROD01522,Widget,Gadgets,442.19
PROD01162,Doohickey,Homeware,351.96
PROD01086,Contraption,Electronics,312.79
PROD01495,Thingamajig,Tools,284.84
PROD00647,Doohickey,Electronics,492.27
PROD01152,Gadget,Toolz,485.59
PROD01367,Widget,Home,472.97
PROD00520,Widget,Toolz,395.34
PROD01862, ,Tools,459.22
PROD01880,Thingamajig,Tools,179.87
PROD00064,,Gadgets,69.21
PROD01836,Thingamajig,Toolz,315.92
PROD00014,Doohickey,Homeware,272.57
PROD01180,Contraption,Tools,320.06
PROD01064,Gadget,Electronics,invalid
PROD00492, ,Home,109.31
PROD00379,Doohickey,Homeware,invalid
PROD00187,Contraption,Toolz,383.93
PROD00763,Contraption,Electronics,241.76
PROD00216,Thingamajig,Toolz,476.99
PROD01945,,Toolz,376.4
PROD00791,Widget,Homeware,464.14
PROD01076,Gadget,Homeware,385.46
PROD00878,Thingamajig,Home,24.53
PROD00337,Widget,Toolz,58.93
PROD01772, ,Toolz,335.21
PROD00719,Gadget,Home,81.45
PROD01748,Contraption,Gadgets,352.51
PROD00295,Doohickey,Toolz,15.45
PROD01725,Thingamajig,Gadgets,363.54
PROD01016,Thingamajig,Homeware,117.02
PROD01275,,Homeware,333.12
PROD01750,Gadget,Electronics,334.03
PROD01485,Thingamajig,Electronics,476.71
PROD00455,Contraption,Toolz,35.43
PROD01502,Gadget,Home,397.94
PROD00815,Gadget,Home,310.69
PROD01886,,Tools,15.83
PROD00269,Thingamajig,Homeware,247.66
PROD00995,Gadget,Electronics,83.58
PROD01981,Widget,Home,319.43
PROD00201,Widget,Gadgets,371.65
PROD00161,Thingamajig,Toolz,317.01
PROD01579,,Toolz,201.6
PROD00702,Widget,Toolz,396.85
PROD01500,Contraption,Tools,451.41
PROD01129,Thingamajig,Homeware,270.0
PROD01021,Contraption,Toolz,167.1
PROD01585,Gadget,Tools,449.47
PROD01955,Widget,Gadgets,126.46
PROD00034,Gadget,Tools,404.71
PROD00775,Widget,Gadgets,145.46
PROD01478,Widget,Home,251.17
PROD01390,Doohickey,Home,16.6
PROD01363,Doohickey,Tools,207.79
PROD01927, ,Toolz,358.15
PROD00241,Doohickey,Electronics,336.01
PROD00678,Contraption,Homeware,37.08
PROD00600,Thingamajig,Toolz,320.19
PROD01297,Gadget,Home,invalid
PROD00111,Doohickey,Toolz,499.41
PROD00646,Contraption,Home,433.12
PROD01528,Doohickey,Homeware,191.12
PROD01267,,Gadgets,261.52
PROD01899,Doohickey,Tools,309.65
PROD00562, ,Gadgets,336.75
PROD00189,Thingamajig,Tools,435.38
PROD01806,Thingamajig,Tools,316.42
PROD00975,Doohickey,Tools,428.83
PROD00889,Doohickey,Electronics,427.82
PROD01082,Widget,Home,271.43
PROD00474,Thingamajig,Tools,370.36
PROD00747,Thingamajig,Gadgets,424.07
PROD00021,Thingamajig,Tools,307.57
PROD00459,Widget,Gadgets,345.91
PROD01184,Contraption,Home,92.58
PROD00955,Gadget,Tools,137.03
PROD01215,Widget,Home,164.15
PROD01515,Thingamajig,Toolz,386.12
PROD00769,Contraption,Tools,224.11
PROD01685,Gadget,Home,447.13
PROD00130,Contraption,Home,329.71
PROD01482,Gadget,Homeware,220.38
PROD00330,Gadget,Home,255.76
PROD01238,Widget,Homeware,331.5
PROD00466,Contraption,Electronics,95.34
PROD01638,Widget,Gadgets,401.96
PROD01095,Contraption,Tools,282.16
PROD01130, ,Homeware,414.02
PROD01294,Thingamajig,Electronics,363.42
PROD00860,Widget,Home,235.53
